gene,immune_cells,cor,p.value
MGST1,aDCs,0.0806250043106124,0.061426559016024
MGST1,APC_co_inhibition,0.0939712733127497,0.0291832192785509
MGST1,APC_co_stimulation,0.382705286688293,0
MGST1,B_cells,0.0833536794237803,0.0531278798711058
MGST1,CCR,0.220585339013379,2.47487168304884e-07
MGST1,CD8._T_cells,0.171374926051433,6.3586438735657e-05
MGST1,Check.point,0.231827875906474,5.69636204206342e-08
MGST1,Cytolytic_activity,0.086076147255117,0.0458013188064951
MGST1,DCs,0.126617054391882,0.00325307077212738
MGST1,HLA,0.191713278755233,7.68776287379648e-06
MGST1,iDCs,0.142729548730611,0.00090013531353867
MGST1,Inflammation.promoting,0.145465733888464,0.000713924994903225
MGST1,Macrophages,0.286705841512002,1.45224250678122e-11
MGST1,Mast_cells,-0.201994453295569,2.38900862492515e-06
MGST1,MHC_class_I,0.114972579044611,0.00754197681919366
MGST1,Neutrophils,0.115542190741341,0.00727530067467986
MGST1,NK_cells,0.216431364705395,4.17940326190971e-07
MGST1,Parainflammation,0.190521557276735,8.769092315908e-06
MGST1,pDCs,0.201554502616637,2.51462264408204e-06
MGST1,T_cell_co.inhibition,0.214194214353535,5.51899872310392e-07
MGST1,T_cell_co.stimulation,0.219711798203567,2.76547729364182e-07
MGST1,T_helper_cells,0.102420738592894,0.0173796657444154
MGST1,Tfh,0.216915532688236,3.93383192087872e-07
MGST1,Th1_cells,0.240092450182732,1.84436727236437e-08
MGST1,Th2_cells,0.200765641392301,2.75586252603015e-06
MGST1,TIL,0.157084845879323,0.000255203283571293
MGST1,Treg,0.164598185787777,0.000126231566108566
MGST1,Type_I_IFN_Reponse,0.11027527379094,0.0104359201356428
MGST1,Type_II_IFN_Reponse,-0.107535256977636,0.0125206556424275
HMOX1,aDCs,0.147957765960952,0.000576068894834334
HMOX1,APC_co_inhibition,0.283419353998217,2.51513051339971e-11
HMOX1,APC_co_stimulation,0.378598135209925,0
HMOX1,B_cells,0.251959010482643,3.39932177477653e-09
HMOX1,CCR,0.320049520315054,3.56795212822496e-14
HMOX1,CD8._T_cells,0.286880089026241,1.1366068420491e-11
HMOX1,Check.point,0.343618492795338,2.60491385174013e-16
HMOX1,Cytolytic_activity,0.258216027201688,1.34613342529299e-09
HMOX1,DCs,0.271500989716603,1.73717305890164e-10
HMOX1,HLA,0.332111648309205,3.19115078719603e-15
HMOX1,iDCs,0.163506393883452,0.000140094104435417
HMOX1,Inflammation.promoting,0.268610005678513,2.73815648457398e-10
HMOX1,Macrophages,0.3862304863367,0
HMOX1,Mast_cells,0.126757292981403,0.00321877795595544
HMOX1,MHC_class_I,0.170794052557938,6.73857488517451e-05
HMOX1,Neutrophils,0.200613371404662,2.80491201734237e-06
HMOX1,NK_cells,0.158186063656058,0.000230626115688197
HMOX1,Parainflammation,0.259455797639547,1.11719571699514e-09
HMOX1,pDCs,0.399873095571449,0
HMOX1,T_cell_co.inhibition,0.315539355316307,8.46647934673706e-14
HMOX1,T_cell_co.stimulation,0.292386423984937,5.52519172825823e-12
HMOX1,T_helper_cells,0.329778537400011,3.85946765628137e-15
HMOX1,Tfh,0.244982102337386,9.28337009876793e-09
HMOX1,Th1_cells,0.301077768045373,1.20635426999553e-12
HMOX1,Th2_cells,0.15774902503527,0.000240102085454913
HMOX1,TIL,0.303267329236527,8.15231999622781e-13
HMOX1,Treg,0.218222280463385,3.33842233618541e-07
HMOX1,Type_I_IFN_Reponse,0.142938220686495,0.000884488558129016
HMOX1,Type_II_IFN_Reponse,0.112356705665256,0.00906449692512518
NOX4,aDCs,-0.0638225054581932,0.138892576775467
NOX4,APC_co_inhibition,0.0261849969231807,0.543989691136135
NOX4,APC_co_stimulation,0.0912618331099478,0.0341822479244077
NOX4,B_cells,0.0152458505087289,0.723889923278927
NOX4,CCR,-0.0322875212944252,0.454305172414355
NOX4,CD8._T_cells,0.0209592363693,0.627306736463894
NOX4,Check.point,0.00666156290160539,0.877333404739431
NOX4,Cytolytic_activity,-0.0676844309876705,0.116501103075291
NOX4,DCs,0.0145218975277393,0.736502501977137
NOX4,HLA,0.0269537036398428,0.532227593335204
NOX4,iDCs,0.0204966745062337,0.634822628027025
NOX4,Inflammation.promoting,-0.0642857526022688,0.136043879250146
NOX4,Macrophages,0.0740970895511522,0.0856798245220982
NOX4,Mast_cells,0.087069848779886,0.0433478256465529
NOX4,MHC_class_I,-0.0135342885944317,0.753899319391756
NOX4,Neutrophils,0.0541321721884653,0.209495740418539
NOX4,NK_cells,-0.0586778183166924,0.173681764437904
NOX4,Parainflammation,-0.0544549508436922,0.206788824864802
NOX4,pDCs,0.0241434142655598,0.575841098014084
NOX4,T_cell_co.inhibition,0.0226663877221498,0.599419065606064
NOX4,T_cell_co.stimulation,-0.0488584348913611,0.257393020848642
NOX4,T_helper_cells,-0.00283151924084833,0.947708132795914
NOX4,Tfh,-0.0122271957109982,0.776935921935424
NOX4,Th1_cells,-0.0632753450597317,0.142316087249352
NOX4,Th2_cells,-0.0777157815925739,0.0714254195684836
NOX4,TIL,-0.0184187677549334,0.669529392458449
NOX4,Treg,-0.0297497392558465,0.49055667659457
NOX4,Type_I_IFN_Reponse,-0.160888683512157,0.000179378360583439
NOX4,Type_II_IFN_Reponse,0.0899963905805648,0.0367566792612611
MAPK10,aDCs,-0.193164633207119,6.54219654703422e-06
MAPK10,APC_co_inhibition,-0.181539697099973,2.30454824092723e-05
MAPK10,APC_co_stimulation,-0.2156479444318,4.60831003206444e-07
MAPK10,B_cells,-0.0997682614782986,0.020555844536151
MAPK10,CCR,-0.274082989059091,1.1518502155107e-10
MAPK10,CD8._T_cells,-0.16887400401125,8.15253485640662e-05
MAPK10,Check.point,-0.219792646133591,2.73725728049179e-07
MAPK10,Cytolytic_activity,-0.15524212613963,0.000301884321053969
MAPK10,DCs,-0.200776370027565,2.75243774803383e-06
MAPK10,HLA,-0.0762213593334145,0.0770576255052518
MAPK10,iDCs,0.0417353107740787,0.33337590183055
MAPK10,Inflammation.promoting,-0.194895315341412,5.38870740577036e-06
MAPK10,Macrophages,-0.318910369149349,4.44601680904216e-14
MAPK10,Mast_cells,0.0949321758668546,0.0275679037226243
MAPK10,MHC_class_I,0.00362194901794573,0.93314104590938
MAPK10,Neutrophils,-0.00984612838038223,0.819536988398945
MAPK10,NK_cells,-0.138528521693684,0.00127496492349156
MAPK10,Parainflammation,-0.289712694810942,8.73109420133829e-12
MAPK10,pDCs,-0.197825228998888,3.86540193498039e-06
MAPK10,T_cell_co.inhibition,-0.192424204107688,7.10458267853173e-06
MAPK10,T_cell_co.stimulation,-0.254484914389322,2.34555325764877e-09
MAPK10,T_helper_cells,-0.136360767844558,0.00150723361376836
MAPK10,Tfh,-0.30029810279412,1.38583268555886e-12
MAPK10,Th1_cells,-0.227397715873552,1.02530485752313e-07
MAPK10,Th2_cells,-0.383197271248254,0
MAPK10,TIL,-0.166456998480365,0.000105554253188856
MAPK10,Treg,-0.211306219006697,7.86809442363588e-07
MAPK10,Type_I_IFN_Reponse,-0.0499116037087359,0.24726805559585
MAPK10,Type_II_IFN_Reponse,0.0397666828362527,0.356695721431472
GPX1,aDCs,0.262382339440226,7.16765229415317e-10
GPX1,APC_co_inhibition,0.252551001249886,3.11728952601388e-09
GPX1,APC_co_stimulation,0.301725777615316,1.07464349195843e-12
GPX1,B_cells,0.180840190080764,2.4799621760326e-05
GPX1,CCR,0.377525578215966,0
GPX1,CD8._T_cells,0.325621543977775,8.86707984956858e-15
GPX1,Check.point,0.387807595720501,0
GPX1,Cytolytic_activity,0.307932523014838,3.49514684718001e-13
GPX1,DCs,0.247076102041583,6.88818907333973e-09
GPX1,HLA,0.316327603475771,7.28934155858789e-14
GPX1,iDCs,0.0905473060013686,0.0356163091640312
GPX1,Inflammation.promoting,0.321248675205128,2.82651676454294e-14
GPX1,Macrophages,0.399388314523737,0
GPX1,Mast_cells,-0.181615563877911,2.28624789508402e-05
GPX1,MHC_class_I,0.13063309160632,0.00237508939040082
GPX1,Neutrophils,0.0981530654393108,0.022702200956057
GPX1,NK_cells,0.227834601228122,9.68066036551973e-08
GPX1,Parainflammation,0.382346873637367,0
GPX1,pDCs,0.451471317376787,0
GPX1,T_cell_co.inhibition,0.360178371224574,1.88143066757702e-18
GPX1,T_cell_co.stimulation,0.429324042335195,0
GPX1,T_helper_cells,0.312572856597952,1.11212199078952e-13
GPX1,Tfh,0.41821400408761,0
GPX1,Th1_cells,0.383588176737407,0
GPX1,Th2_cells,0.437707781095991,0
GPX1,TIL,0.36164942038548,6.97172190725549e-19
GPX1,Treg,0.25005398802531,4.48544238174032e-09
GPX1,Type_I_IFN_Reponse,0.172463348299779,5.84542258721208e-05
GPX1,Type_II_IFN_Reponse,-0.177530559368053,3.49608593378529e-05
SOD2,aDCs,0.173034188328931,5.520460855343e-05
SOD2,APC_co_inhibition,0.281749365286274,3.31569521540922e-11
SOD2,APC_co_stimulation,0.470053620186387,0
SOD2,B_cells,0.256020105462485,1.86840598170907e-09
SOD2,CCR,0.412668832318328,0
SOD2,CD8._T_cells,0.334403930022546,1.50670630370752e-15
SOD2,Check.point,0.40981869372735,0
SOD2,Cytolytic_activity,0.195278634152771,5.16092351485395e-06
SOD2,DCs,0.179993240959784,2.70932684262206e-05
SOD2,HLA,0.378227997293319,0
SOD2,iDCs,0.145612869457798,0.000705003082780057
SOD2,Inflammation.promoting,0.292107939266728,5.79621163802565e-12
SOD2,Macrophages,0.353491825929425,2.14373948525123e-17
SOD2,Mast_cells,-0.153290893917553,0.000359935866733041
SOD2,MHC_class_I,0.334464329480687,1.48815604100399e-15
SOD2,Neutrophils,0.400464779806256,0
SOD2,NK_cells,0.150429490259549,0.000464124005722155
SOD2,Parainflammation,0.38023011389979,0
SOD2,pDCs,0.312013619236136,1.64312906620941e-13
SOD2,T_cell_co.inhibition,0.423544679784722,0
SOD2,T_cell_co.stimulation,0.392571416310131,0
SOD2,T_helper_cells,0.349068793870953,6.86343816466108e-17
SOD2,Tfh,0.364458636896236,0
SOD2,Th1_cells,0.386307119445728,0
SOD2,Th2_cells,0.309560670049252,2.59050545048974e-13
SOD2,TIL,0.370982030302264,0
SOD2,Treg,0.450058356112525,0
SOD2,Type_I_IFN_Reponse,0.158452363709931,0.000225025066170716
SOD2,Type_II_IFN_Reponse,-0.00520630016115943,0.903983318658487
UGT1A6,aDCs,-0.0592700401187744,0.169426481207451
UGT1A6,APC_co_inhibition,-0.00654542555027219,0.879494642237947
UGT1A6,APC_co_stimulation,0.0401917674620373,0.351689538839222
UGT1A6,B_cells,0.0066215988621056,0.878103112744021
UGT1A6,CCR,0.019617501538745,0.649516761763646
UGT1A6,CD8._T_cells,-0.0613769080020092,0.154741112568223
UGT1A6,Check.point,-0.0382898102926276,0.374964698470443
UGT1A6,Cytolytic_activity,-0.0772442595525902,0.0731576173117175
UGT1A6,DCs,-0.00501766785941633,0.907476334850537
UGT1A6,HLA,0.0133803326754445,0.756610012290859
UGT1A6,iDCs,0.0646293383847836,0.133992384594315
UGT1A6,Inflammation.promoting,-0.0762135825329691,0.0770831231005095
UGT1A6,Macrophages,0.00731681444052877,0.865420834500677
UGT1A6,Mast_cells,0.0516842434604034,0.230942039154588
UGT1A6,MHC_class_I,0.104915673115177,0.0148164356730406
UGT1A6,Neutrophils,0.14062562773294,0.00106217498849382
UGT1A6,NK_cells,-0.0490306687432452,0.255807954067639
UGT1A6,Parainflammation,-0.0433340698413861,0.315284122201399
UGT1A6,pDCs,-0.0141576606317645,0.742954841938067
UGT1A6,T_cell_co.inhibition,-0.0256698696560834,0.552060265311985
UGT1A6,T_cell_co.stimulation,-0.0580683179965254,0.178256721515445
UGT1A6,T_helper_cells,-0.0671444962444532,0.119472822400716
UGT1A6,Tfh,-0.0665980813099909,0.122517801350605
UGT1A6,Th1_cells,-0.0382209554428466,0.375824736548358
UGT1A6,Th2_cells,-0.150906994053022,0.000438874076386107
UGT1A6,TIL,-0.0583926293201461,0.175840715825543
UGT1A6,Treg,-0.00615800686015774,0.886577640275686
UGT1A6,Type_I_IFN_Reponse,-0.054528864522029,0.206242958510508
UGT1A6,Type_II_IFN_Reponse,0.0866675649344436,0.0443021315614421
GSTT2,aDCs,-0.0383077473605673,0.374740853111059
GSTT2,APC_co_inhibition,-0.126286366961572,0.00331541957705781
GSTT2,APC_co_stimulation,-0.133611877879906,0.00187892565327437
GSTT2,B_cells,-0.0482446979670759,0.26351670342375
GSTT2,CCR,-0.104526451678932,0.0151930284509232
GSTT2,CD8._T_cells,-0.111085110801371,0.00985150179478269
GSTT2,Check.point,-0.123758366257055,0.0040068764149662
GSTT2,Cytolytic_activity,-0.0436323420968475,0.311961585088387
GSTT2,DCs,-0.119320368558778,0.00554278218769901
GSTT2,HLA,-0.107442189176271,0.0125653797611333
GSTT2,iDCs,-0.093724033684626,0.0295798342519197
GSTT2,Inflammation.promoting,-0.0771636317782911,0.0734587029646152
GSTT2,Macrophages,-0.126400420803374,0.00328694653087961
GSTT2,Mast_cells,0.00589494106080596,0.891392342485132
GSTT2,MHC_class_I,-0.0510654301323273,0.236581723776907
GSTT2,Neutrophils,-0.0461061305966395,0.285294863180619
GSTT2,NK_cells,-0.00662422245494332,0.878055191771868
GSTT2,Parainflammation,-0.0579161398668048,0.179398850407905
GSTT2,pDCs,-0.145110957406901,0.000727419708919554
GSTT2,T_cell_co.inhibition,-0.143070018274275,0.000865324724629699
GSTT2,T_cell_co.stimulation,-0.089155402309531,0.0385290317688766
GSTT2,T_helper_cells,-0.0296969783801333,0.491448208013235
GSTT2,Tfh,-0.155577845809805,0.000288215891351431
GSTT2,Th1_cells,-0.116502105068227,0.00677506499188187
GSTT2,Th2_cells,-0.177512427726442,3.40426490866198e-05
GSTT2,TIL,-0.0604224711125337,0.161269680379191
GSTT2,Treg,-0.121290901229223,0.00480513713267067
GSTT2,Type_I_IFN_Reponse,-0.00852635366651063,0.843440161809525
GSTT2,Type_II_IFN_Reponse,0.0217509698832823,0.614355613371409
CYP1A1,aDCs,-0.0193085060545438,0.654676889603328
CYP1A1,APC_co_inhibition,-0.0726154303260805,0.0921474664525102
CYP1A1,APC_co_stimulation,-0.216847461073136,3.70870101658403e-07
CYP1A1,B_cells,-0.0723803142258724,0.093208662240259
CYP1A1,CCR,-0.0869739745040823,0.0435539396888146
CYP1A1,CD8._T_cells,-0.127554488919931,0.00301108467117831
CYP1A1,Check.point,-0.145788365428467,0.000686349508824493
CYP1A1,Cytolytic_activity,-0.0773479984215255,0.0727717104754705
CYP1A1,DCs,0.061173192215149,0.156117496038231
CYP1A1,HLA,-0.121233659087705,0.00482525004189921
CYP1A1,iDCs,0.0924312673023798,0.0319103611587914
CYP1A1,Inflammation.promoting,-0.0814881684634814,0.0586760508346028
CYP1A1,Macrophages,-0.101084642512116,0.0189056659609116
CYP1A1,Mast_cells,0.0309283611859005,0.473652537957269
CYP1A1,MHC_class_I,-0.0788160774637432,0.06748646299293
CYP1A1,Neutrophils,-0.145612481257021,0.000696801362465655
CYP1A1,NK_cells,-0.036616910557133,0.396202543986539
CYP1A1,Parainflammation,-0.0788804670465335,0.0672620603062765
CYP1A1,pDCs,-0.134682772614785,0.00172513650633863
CYP1A1,T_cell_co.inhibition,-0.120657565567798,0.00503193906742633
CYP1A1,T_cell_co.stimulation,-0.100233734897192,0.0199373119925925
CYP1A1,T_helper_cells,-0.0799535648558864,0.0636115345692092
CYP1A1,Tfh,-0.0953209505078521,0.0269038551203612
CYP1A1,Th1_cells,-0.142557626037433,0.000903554434016198
CYP1A1,Th2_cells,-0.118378554095965,0.00593010329462997
CYP1A1,TIL,-0.0684016929683476,0.112691522451094
CYP1A1,Treg,-0.119887708025609,0.00532060086865039
CYP1A1,Type_I_IFN_Reponse,-0.0176808882673745,0.682124970741695
CYP1A1,Type_II_IFN_Reponse,-0.0114964290244803,0.790012372617648
MT1X,aDCs,-0.0159536339037136,0.711630921283889
MT1X,APC_co_inhibition,0.02816519646047,0.513954918883148
MT1X,APC_co_stimulation,0.0509830112060595,0.237256750346247
MT1X,B_cells,-0.0140038577107085,0.745571613691431
MT1X,CCR,0.190864873605182,8.4435467928189e-06
MT1X,CD8._T_cells,0.0300617956110645,0.486138923513288
MT1X,Check.point,0.0576756871499304,0.181156106253085
MT1X,Cytolytic_activity,0.0285879046898696,0.507656821542377
MT1X,DCs,0.0949981569737279,0.027459866772946
MT1X,HLA,-0.0444245964692061,0.303144403946914
MT1X,iDCs,-0.059833215701511,0.165352480098339
MT1X,Inflammation.promoting,0.0599797382059729,0.164318001921889
MT1X,Macrophages,0.217224057585183,3.78465913307146e-07
MT1X,Mast_cells,-0.0836793701371503,0.0522029281427702
MT1X,MHC_class_I,-0.122609949786346,0.00436213614543453
MT1X,Neutrophils,-0.0394916466079504,0.360033505723169
MT1X,NK_cells,0.0946274059922493,0.0280716919736477
MT1X,Parainflammation,0.224693410089055,1.45945934756626e-07
MT1X,pDCs,0.00958028812516332,0.824328969967373
MT1X,T_cell_co.inhibition,0.0211203147475054,0.624556102655686
MT1X,T_cell_co.stimulation,0.114797240288478,0.00766273205886954
MT1X,T_helper_cells,0.0139819912801462,0.746033920094919
MT1X,Tfh,0.157755308950211,0.000239963290413519
MT1X,Th1_cells,0.0448414039492106,0.298627000258553
MT1X,Th2_cells,0.146612088566417,0.000647095422117757
MT1X,TIL,0.0430671175758802,0.318169635533676
MT1X,Treg,0.106701642017627,0.0132240632549875
MT1X,Type_I_IFN_Reponse,0.0094556060567744,0.826578727740178
MT1X,Type_II_IFN_Reponse,0.107030781220903,0.0129422733424297
XDH,aDCs,0.143715066606373,0.000819324297445658
XDH,APC_co_inhibition,0.109668968561772,0.0108375392453265
XDH,APC_co_stimulation,0.114211126773822,0.00795197883705998
XDH,B_cells,0.0764674328518389,0.0761007476886677
XDH,CCR,0.178827774422882,2.9693966818238e-05
XDH,CD8._T_cells,0.165814572093603,0.000109965870320155
XDH,Check.point,0.161727591518722,0.000162683719388954
XDH,Cytolytic_activity,0.071338489751254,0.0980291273768672
XDH,DCs,0.164547962006096,0.000124279836169739
XDH,HLA,0.0864991312284719,0.0447180008019918
XDH,iDCs,0.0792686348795064,0.0659222050680435
XDH,Inflammation.promoting,0.131496707020262,0.00222016024267885
XDH,Macrophages,0.259456373181644,9.67564094149156e-10
XDH,Mast_cells,-0.155104198625581,0.000300935071757929
XDH,MHC_class_I,0.0403581192514623,0.349698144151506
XDH,Neutrophils,0.0130999553849315,0.761554256930199
XDH,NK_cells,-0.0326641287736018,0.449179273186841
XDH,Parainflammation,0.240996379745906,1.46348343328763e-08
XDH,pDCs,0.0492643982486159,0.253545999786448
XDH,T_cell_co.inhibition,0.157694547596477,0.000237273923807286
XDH,T_cell_co.stimulation,0.222614593625771,1.77027239574615e-07
XDH,T_helper_cells,0.130669281434187,0.00236840385522554
XDH,Tfh,0.237598578578334,2.35693882523925e-08
XDH,Th1_cells,0.153726293068039,0.000340980795462154
XDH,Th2_cells,0.210564226420528,8.11438876933473e-07
XDH,TIL,0.159266514640087,0.000205034771907554
XDH,Treg,0.15859101812003,0.000218350147186751
XDH,Type_I_IFN_Reponse,0.0774720901619754,0.0723122753039547
XDH,Type_II_IFN_Reponse,-0.185723512791533,1.42724398597472e-05
TXNRD2,aDCs,-0.136097029777327,0.00155295233957359
TXNRD2,APC_co_inhibition,-0.269921887871967,2.22878912845032e-10
TXNRD2,APC_co_stimulation,-0.326135798467184,1.07740274903866e-14
TXNRD2,B_cells,-0.284278104617988,2.18039710368138e-11
TXNRD2,CCR,-0.37000687398988,0
TXNRD2,CD8._T_cells,-0.16333116838369,0.00013966533292721
TXNRD2,Check.point,-0.25117696960501,3.81013442953725e-09
TXNRD2,Cytolytic_activity,-0.120597676943933,0.00507786906471907
TXNRD2,DCs,-0.242967417901034,1.23398071735323e-08
TXNRD2,HLA,-0.119634552029666,0.0054434222699902
TXNRD2,iDCs,-0.166670421689009,0.000103395805262773
TXNRD2,Inflammation.promoting,-0.174822421928104,4.60950169122587e-05
TXNRD2,Macrophages,-0.347345773952253,1.07615753068636e-16
TXNRD2,Mast_cells,-0.151235977098962,0.000432223339787895
TXNRD2,MHC_class_I,-0.0411497962929078,0.340319054624734
TXNRD2,Neutrophils,-0.2316625782903,5.82388019674331e-08
TXNRD2,NK_cells,-0.220330304026533,2.55652509345784e-07
TXNRD2,Parainflammation,-0.446222102674572,0
TXNRD2,pDCs,-0.191733050097362,7.67094411659144e-06
TXNRD2,T_cell_co.inhibition,-0.215939226879216,4.44411122061172e-07
TXNRD2,T_cell_co.stimulation,-0.221622184978531,2.16805075393175e-07
TXNRD2,T_helper_cells,-0.283015018914902,2.1918282106244e-11
TXNRD2,Tfh,-0.183259267433458,1.92204843729864e-05
TXNRD2,Th1_cells,-0.234853427684017,3.78759084680449e-08
TXNRD2,Th2_cells,-0.274919439444134,1.00737244570801e-10
TXNRD2,TIL,-0.266636549854819,3.72422858506859e-10
TXNRD2,Treg,-0.432054786542306,0
TXNRD2,Type_I_IFN_Reponse,-0.13053017083819,0.00241103626480155
TXNRD2,Type_II_IFN_Reponse,-0.386182743909775,0
NOX1,aDCs,-0.0315086990073713,0.465267325945158
NOX1,APC_co_inhibition,-0.104158878826962,0.0155896057377677
NOX1,APC_co_stimulation,0.00948756206323917,0.826001978776989
NOX1,B_cells,-0.0560973516363851,0.193407097344619
NOX1,CCR,0.00244934743076007,0.954743418237892
NOX1,CD8._T_cells,0.135448205787685,0.00162238396024806
NOX1,Check.point,0.0546095198246021,0.205501573249994
NOX1,Cytolytic_activity,0.195470216925342,5.05055419337981e-06
NOX1,DCs,-0.0740373923592192,0.0859329348855863
NOX1,HLA,0.0629386191786617,0.144454850883957
NOX1,iDCs,-0.064376026404704,0.135494026351156
NOX1,Inflammation.promoting,0.153625090906026,0.000349305545537587
NOX1,Macrophages,-0.131703117204976,0.00220057049574135
NOX1,Mast_cells,-0.143837356954723,0.000819904238574181
NOX1,MHC_class_I,0.00994881693708224,0.817746056277163
NOX1,Neutrophils,-0.210427083979925,8.7565969889199e-07
NOX1,NK_cells,0.175667225322031,4.23044996066323e-05
NOX1,Parainflammation,0.00250981095378334,0.953627457477925
NOX1,pDCs,-0.00251325944368961,0.953563812239806
NOX1,T_cell_co.inhibition,0.0467609100641496,0.278404316680976
NOX1,T_cell_co.stimulation,0.119398905219404,0.00553639694683792
NOX1,T_helper_cells,-0.173740592176042,5.01037162626632e-05
NOX1,Tfh,0.11388385026197,0.00816288352171773
NOX1,Th1_cells,0.118402751435147,0.00594543062825843
NOX1,Th2_cells,0.143373190213339,0.000852679012923677
NOX1,TIL,-0.000405465779868329,0.992504898514281
NOX1,Treg,-0.161890967945137,0.000163251885082862
NOX1,Type_I_IFN_Reponse,0.169567459742712,7.79173259287449e-05
NOX1,Type_II_IFN_Reponse,-0.234475549823399,3.98683552536611e-08
NOX5,aDCs,0.0145868068889186,0.735450211690358
NOX5,APC_co_inhibition,-0.0918204955112539,0.0330649344647408
NOX5,APC_co_stimulation,-0.190971331628349,8.02477024558551e-06
NOX5,B_cells,-0.123947319638025,0.00395100081050165
NOX5,CCR,-0.103318834603438,0.0164154802435001
NOX5,CD8._T_cells,-0.0860711525211015,0.0457894914036377
NOX5,Check.point,-0.147435369355138,0.000595291544910643
NOX5,Cytolytic_activity,-0.108821705318239,0.0114684395339786
NOX5,DCs,-0.0133471129891674,0.757195302574931
NOX5,HLA,-0.107223981505671,0.0127471242104766
NOX5,iDCs,-0.0239116775762847,0.579624814632598
NOX5,Inflammation.promoting,-0.0839274379426954,0.051486312936483
NOX5,Macrophages,-0.0225071458463818,0.602097034619602
NOX5,Mast_cells,0.0203163583575961,0.637908042609535
NOX5,MHC_class_I,-0.120106546853344,0.00523706563017314
NOX5,Neutrophils,-0.193874347287024,5.79606164272433e-06
NOX5,NK_cells,-0.179431457387889,2.78794510500702e-05
NOX5,Parainflammation,0.0136920386393362,0.751124957050511
NOX5,pDCs,-0.1853396406474,1.48771700820835e-05
NOX5,T_cell_co.inhibition,-0.120110299574939,0.00523564350241656
NOX5,T_cell_co.stimulation,-0.0694428596290545,0.107307725503664
NOX5,T_helper_cells,-0.00545275746306792,0.899494222278884
NOX5,Tfh,-0.0807236373080352,0.061093734311141
NOX5,Th1_cells,-0.111546855517228,0.00954768793766067
NOX5,Th2_cells,-0.15642742242449,0.000266651219651345
NOX5,TIL,-0.0737094083011598,0.0873364466768731
NOX5,Treg,-0.0862880444141014,0.0452438139184705
NOX5,Type_I_IFN_Reponse,0.0274997166490577,0.524071444600856
NOX5,Type_II_IFN_Reponse,-0.0662906330807227,0.124257494566185
GPX3,aDCs,-0.0364113021574519,0.398741889477144
GPX3,APC_co_inhibition,-0.0469831460803314,0.276124521355261
GPX3,APC_co_stimulation,0.0404255743076773,0.348778993746775
GPX3,B_cells,-0.0296979352741434,0.491312500893325
GPX3,CCR,-0.0594649169795213,0.167974331023892
GPX3,CD8._T_cells,-0.00772335457137396,0.858020405730923
GPX3,Check.point,0.0160537933772135,0.709902038845963
GPX3,Cytolytic_activity,-0.0220862750868062,0.60879734237948
GPX3,DCs,0.0411960435858471,0.339664087121621
GPX3,HLA,0.122141527558415,0.00453790337411519
GPX3,iDCs,0.0411199469085821,0.340557492187677
GPX3,Inflammation.promoting,-0.0456250541221332,0.290255726070464
GPX3,Macrophages,0.0511399558133493,0.235814595983614
GPX3,Mast_cells,0.0238308278138337,0.580794360021208
GPX3,MHC_class_I,0.0246526417473545,0.567929831013621
GPX3,Neutrophils,0.0337484548849392,0.434139241892621
GPX3,NK_cells,0.0934374470752591,0.0301152350531171
GPX3,Parainflammation,-0.0827519562516907,0.0548726972168319
GPX3,pDCs,0.0124822306978441,0.772409944216623
GPX3,T_cell_co.inhibition,-0.0096760795114486,0.822601491130384
GPX3,T_cell_co.stimulation,-0.0122164670757342,0.777126484531135
GPX3,T_helper_cells,-0.0422725844389525,0.327295663430527
GPX3,Tfh,-0.020926586247882,0.627737655179609
GPX3,Th1_cells,-0.0200445391629672,0.642310017336074
GPX3,Th2_cells,-0.0698710801206818,0.105139359804672
GPX3,TIL,-0.0311237709007226,0.470739014146133
GPX3,Treg,-0.0908706210883587,0.034961190547863
GPX3,Type_I_IFN_Reponse,-0.0490587538383608,0.255445411670333
GPX3,Type_II_IFN_Reponse,-0.00300271511105287,0.94453362137558
MAPK14,aDCs,-0.0212349578786116,0.622676627422276
MAPK14,APC_co_inhibition,0.255282971586742,2.08438076573302e-09
MAPK14,APC_co_stimulation,0.132943960506361,0.00199632391709294
MAPK14,B_cells,0.205499958234956,1.58187459502258e-06
MAPK14,CCR,0.121027741951799,0.00492190977177738
MAPK14,CD8._T_cells,0.0521887292252638,0.226415308543748
MAPK14,Check.point,0.0994930719837783,0.0209085462081638
MAPK14,Cytolytic_activity,-0.0305597512182748,0.478820077582015
MAPK14,DCs,0.181700090197169,2.26602126689727e-05
MAPK14,HLA,0.0963026823887153,0.0253974822956716
MAPK14,iDCs,0.196266971359908,4.61527621761693e-06
MAPK14,Inflammation.promoting,0.0161838397632343,0.707659492348117
MAPK14,Macrophages,0.191767075197771,7.64208236588758e-06
MAPK14,Mast_cells,0.198473008669504,3.58928235277005e-06
MAPK14,MHC_class_I,0.243438946084756,1.03436330305139e-08
MAPK14,Neutrophils,0.386876733345135,0
MAPK14,NK_cells,-0.0493065853129581,0.253050037258253
MAPK14,Parainflammation,0.162388470088948,0.000155762486857982
MAPK14,pDCs,0.107600318487201,0.012467173405859
MAPK14,T_cell_co.inhibition,0.155823848070263,0.000286349050670707
MAPK14,T_cell_co.stimulation,-0.00406155477849583,0.925024450142848
MAPK14,T_helper_cells,0.285170595221871,1.52157123863095e-11
MAPK14,Tfh,0.0105634142808864,0.80664132881812
MAPK14,Th1_cells,0.093678918001807,0.029690531714411
MAPK14,Th2_cells,-0.0332632140385725,0.440779338233053
MAPK14,TIL,0.151502583685271,0.000422135179551793
MAPK14,Treg,0.294850944771285,3.60818459795386e-12
MAPK14,Type_I_IFN_Reponse,0.0626780666079657,0.146126590879783
MAPK14,Type_II_IFN_Reponse,0.206563089356504,1.39401475689617e-06
SOD3,aDCs,-0.0177660835653401,0.68058255777986
SOD3,APC_co_inhibition,0.0806578032812764,0.0613207900507589
SOD3,APC_co_stimulation,0.0550098511861656,0.202194647832438
SOD3,B_cells,0.211847478655763,7.36487387744122e-07
SOD3,CCR,0.263614906365836,5.93610840901977e-10
SOD3,CD8._T_cells,0.116029333551025,0.00700429692737456
SOD3,Check.point,0.154214782679998,0.000331259754127612
SOD3,Cytolytic_activity,0.159476718478312,0.000204645867018284
SOD3,DCs,0.260561383503497,9.45330065654804e-10
SOD3,HLA,0.117305441946971,0.00642728222924534
SOD3,iDCs,0.158117017224824,0.00023209952766402
SOD3,Inflammation.promoting,0.150554478860374,0.000459040582284064
SOD3,Macrophages,0.0777419134827526,0.0713300116761772
SOD3,Mast_cells,0.275114700605938,9.76279989060309e-11
SOD3,MHC_class_I,0.0250714800127724,0.561369308114963
SOD3,Neutrophils,0.120899458127286,0.00496797211737786
SOD3,NK_cells,0.061753028348886,0.152181234119274
SOD3,Parainflammation,0.247570232328597,6.41732447480255e-09
SOD3,pDCs,0.208302890830772,1.13189931153803e-06
SOD3,T_cell_co.inhibition,0.0599336050743379,0.164643185009422
SOD3,T_cell_co.stimulation,0.180448211728084,2.58372411725157e-05
SOD3,T_helper_cells,0.146903423843941,0.000623396664206961
SOD3,Tfh,0.133872447255347,0.00185501422275781
SOD3,Th1_cells,0.131582190158929,0.00222146457598069
SOD3,Th2_cells,0.0491879572601824,0.254194662016857
SOD3,TIL,0.170934287875339,6.80723263317218e-05
SOD3,Treg,0.101279772920771,0.0187094577164396
SOD3,Type_I_IFN_Reponse,0.144058673373596,0.000804691264441823
SOD3,Type_II_IFN_Reponse,0.213169093254064,6.2627863694751e-07
GCLC,aDCs,-0.0487183495680575,0.258761100029123
GCLC,APC_co_inhibition,0.0910138483691325,0.0346742734256304
GCLC,APC_co_stimulation,-0.116996150718934,0.00656928998272708
GCLC,B_cells,0.015403714713327,0.721149410940815
GCLC,CCR,-0.147511378100863,0.000598784748189846
GCLC,CD8._T_cells,-0.0979695114728335,0.0229244924965042
GCLC,Check.point,-0.130855018587361,0.00235097905838056
GCLC,Cytolytic_activity,-0.0992919867056882,0.0211695877832765
GCLC,DCs,-0.0653232116322929,0.129827583335379
GCLC,HLA,-0.0122714130149074,0.776150673275701
GCLC,iDCs,0.0810007364441778,0.0602238978100073
GCLC,Inflammation.promoting,-0.121075867544269,0.00490472918363602
GCLC,Macrophages,-0.0710637978295971,0.0993225638834536
GCLC,Mast_cells,0.124735941464566,0.00374629623896425
GCLC,MHC_class_I,0.0783791192859312,0.0690255749405042
GCLC,Neutrophils,0.127962731786417,0.00293729093741606
GCLC,NK_cells,-0.00798478679519572,0.853220538885937
GCLC,Parainflammation,-0.164720722129113,0.000124758906179689
GCLC,pDCs,-0.0892047705643032,0.0384495380244739
GCLC,T_cell_co.inhibition,-0.0277007998197589,0.520920618561538
GCLC,T_cell_co.stimulation,-0.230868582647659,6.47587480936273e-08
GCLC,T_helper_cells,1.80854296690088e-05,0.99966576352889
GCLC,Tfh,-0.209167465566828,1.01993717056124e-06
GCLC,Th1_cells,-0.130736160635258,0.00237279288294665
GCLC,Th2_cells,-0.184612838038223,1.66423857424429e-05
GCLC,TIL,-0.0754003122032862,0.0803025708346282
GCLC,Treg,0.014401583546565,0.738605579537793
GCLC,Type_I_IFN_Reponse,-0.14023215234049,0.00110834394647503
GCLC,Type_II_IFN_Reponse,0.146146925594615,0.000673480755221565
NFKB1,aDCs,0.013926611536808,0.746926985344234
NFKB1,APC_co_inhibition,0.267255285577112,3.38275478630528e-10
NFKB1,APC_co_stimulation,0.135959166814185,0.00157027062933055
NFKB1,B_cells,0.269278629554785,2.46580412709017e-10
NFKB1,CCR,0.21105992019428,8.10787417168421e-07
NFKB1,CD8._T_cells,0.0882132333567384,0.0406355908971208
NFKB1,Check.point,0.173572689186072,5.22962519333163e-05
NFKB1,Cytolytic_activity,0.0928685228738335,0.0311365138101399
NFKB1,DCs,0.180334718093613,2.61452830111483e-05
NFKB1,HLA,0.203208398375685,2.07281523117379e-06
NFKB1,iDCs,0.218693574083909,3.14578595239404e-07
NFKB1,Inflammation.promoting,0.116072108690271,0.00701047708063132
NFKB1,Macrophages,-0.0132848092486967,0.758217985571502
NFKB1,Mast_cells,0.19555711887098,5.00123757634571e-06
NFKB1,MHC_class_I,0.371880330730879,4.02952751618703e-19
NFKB1,Neutrophils,0.463380868850863,0
NFKB1,NK_cells,-0.0267442653528686,0.535419460860386
NFKB1,Parainflammation,0.144947694071433,0.000746177378998714
NFKB1,pDCs,0.202281291022661,2.31037267723965e-06
NFKB1,T_cell_co.inhibition,0.181362674618118,2.3477914841602e-05
NFKB1,T_cell_co.stimulation,0.0810905504479588,0.0599393200349037
NFKB1,T_helper_cells,0.26742507200751,2.79938775221804e-10
NFKB1,Tfh,0.0231382177744366,0.591839825940935
NFKB1,Th1_cells,0.171006476264044,6.75864947790753e-05
NFKB1,Th2_cells,-0.0388190378100097,0.368278264399888
NFKB1,TIL,0.219477684055485,2.84878530945653e-07
NFKB1,Treg,0.356461588803596,8.57375054154862e-18
NFKB1,Type_I_IFN_Reponse,0.175451733019444,4.32423210425909e-05
NFKB1,Type_II_IFN_Reponse,0.248889088134972,5.30838124353035e-09
SOD1,aDCs,-0.0535489942287605,0.214451189808213
SOD1,APC_co_inhibition,-0.120126536589627,0.00525382878620407
SOD1,APC_co_stimulation,0.0461985763101005,0.284229949238589
SOD1,B_cells,-0.109968741354827,0.0106527385413564
SOD1,CCR,-0.0899386858494665,0.0368779015740779
SOD1,CD8._T_cells,-0.00664719559449972,0.877635597244836
SOD1,Check.point,-0.00306601405911018,0.94336628476635
SOD1,Cytolytic_activity,0.0520081323055301,0.227948769712667
SOD1,DCs,-0.0690992314465495,0.109045217755135
SOD1,HLA,0.0924219051144171,0.0319588864927459
SOD1,iDCs,-0.0212109717154858,0.623069657498827
SOD1,Inflammation.promoting,0.006766396994756,0.875418579075586
SOD1,Macrophages,-0.130980390353731,0.00232816846647014
SOD1,Mast_cells,-0.0975201525918467,0.0235947911784444
SOD1,MHC_class_I,0.0268207457095181,0.534371581961157
SOD1,Neutrophils,-0.180921804341879,2.45886114954185e-05
SOD1,NK_cells,0.0905248525004234,0.0356621911889893
SOD1,Parainflammation,-0.146312759642552,0.000663961778266606
SOD1,pDCs,0.0292171391481004,0.49835703157889
SOD1,T_cell_co.inhibition,-0.0458004673086988,0.288403688754215
SOD1,T_cell_co.stimulation,0.00161105785110034,0.970223688282647
SOD1,T_helper_cells,-0.23087851852139,5.92238662962709e-08
SOD1,Tfh,0.0393319432087356,0.361980585090299
SOD1,Th1_cells,0.0161201576496319,0.708757325023261
SOD1,Th2_cells,0.0796922261075208,0.0644982158407106
SOD1,TIL,-0.110952787107859,0.00997054279880712
SOD1,Treg,-0.200747862511006,2.76154685771447e-06
SOD1,Type_I_IFN_Reponse,0.136177571174916,0.00154291615713976
SOD1,Type_II_IFN_Reponse,-0.235623973595296,3.41072229010362e-08
SP1,aDCs,-0.0686995897829674,0.111112082817757
SP1,APC_co_inhibition,0.0177013285882112,0.6816829702145
SP1,APC_co_stimulation,0.0846214975795432,0.0496026835303542
SP1,B_cells,0.0504897238832449,0.241829987943615
SP1,CCR,-0.0189647786567595,0.660337168291087
SP1,CD8._T_cells,0.00932464203853023,0.828998285578917
SP1,Check.point,0.0118351407252098,0.783908233326619
SP1,Cytolytic_activity,-0.0510449307581543,0.236687034394477
SP1,DCs,-0.0293832030953645,0.495917851470014
SP1,HLA,-0.0158331666563212,0.713712303248242
SP1,iDCs,0.135757851636768,0.00159587866239602
SP1,Inflammation.promoting,-0.0498181113157215,0.248155452878985
SP1,Macrophages,-0.0083458820049367,0.846663088141441
SP1,Mast_cells,0.0926692001572511,0.0315012672088016
SP1,MHC_class_I,0.0915766819928417,0.0335356865135775
SP1,Neutrophils,0.176995890166363,3.69341039913895e-05
SP1,NK_cells,-0.090933690137089,0.0348346004797351
SP1,Parainflammation,0.0209876628357775,0.62673386112703
SP1,pDCs,-0.0558668392444282,0.195245974282852
SP1,T_cell_co.inhibition,0.0322161758699199,0.455303296260452
SP1,T_cell_co.stimulation,-0.038075849918654,0.377523364102138
SP1,T_helper_cells,0.160474163182059,0.000183105736498481
SP1,Tfh,-0.0999414523047024,0.0203365355636031
SP1,Th1_cells,0.0113483672166625,0.792589110986865
SP1,Th2_cells,-0.129270245892657,0.00265746059758499
SP1,TIL,0.0616217558331207,0.153055671668072
SP1,Treg,0.116555050543367,0.00677668829358375
SP1,Type_I_IFN_Reponse,0.0921348374879973,0.032497225577011
SP1,Type_II_IFN_Reponse,0.141897159900346,0.000965131584933675
MAOA,aDCs,-0.0574129122190726,0.183154865935858
MAOA,APC_co_inhibition,0.00052616292658778,0.990273678730698
MAOA,APC_co_stimulation,0.116273500500797,0.00691212001850377
MAOA,B_cells,0.0827114939701238,0.054991716982073
MAOA,CCR,0.0403961471938105,0.349130173005224
MAOA,CD8._T_cells,0.0296095452228267,0.492725242869996
MAOA,Check.point,0.0283109526338416,0.511778667548124
MAOA,Cytolytic_activity,-0.0511758967414836,0.235485209745649
MAOA,DCs,-0.0313959717039908,0.466866062586021
MAOA,HLA,0.0890310433061362,0.0388297701448757
MAOA,iDCs,0.064090951239119,0.137236259723934
MAOA,Inflammation.promoting,-0.0079785028802554,0.853334745138712
MAOA,Macrophages,0.135504042779667,0.00162871069588556
MAOA,Mast_cells,-0.0547697596555801,0.204173239808853
MAOA,MHC_class_I,-0.0505194201808584,0.241637945486086
MAOA,Neutrophils,0.0848588303182036,0.0489650223549104
MAOA,NK_cells,0.127119307788453,0.00313176793053121
MAOA,Parainflammation,0.0607870680095853,0.158705174780731
MAOA,pDCs,0.022542012186197,0.601424253916739
MAOA,T_cell_co.inhibition,0.0686926161700458,0.111148420965143
MAOA,T_cell_co.stimulation,0.00329154529898024,0.939208121963151
MAOA,T_helper_cells,0.0133996557714394,0.756269626958351
MAOA,Tfh,0.0432192342973012,0.316462118077849
MAOA,Th1_cells,0.0740294225158803,0.0859667718256828
MAOA,Th2_cells,0.100492137826179,0.0196526892178458
MAOA,TIL,0.0292973740132529,0.497177731641774
MAOA,Treg,0.114339434095143,0.00790988346087476
MAOA,Type_I_IFN_Reponse,-0.0777636772857166,0.071250631307385
MAOA,Type_II_IFN_Reponse,0.0901562472459976,0.0364226302786223
CYBB,aDCs,0.307903325800299,3.51390409604061e-13
CYBB,APC_co_inhibition,0.633147038245286,0
CYBB,APC_co_stimulation,0.497074684329066,0
CYBB,B_cells,0.453317102440841,0
CYBB,CCR,0.532974843649299,0
CYBB,CD8._T_cells,0.38926995242559,6.03735440096408e-21
CYBB,Check.point,0.53711011947868,0
CYBB,Cytolytic_activity,0.31207645838554,1.62397299863232e-13
CYBB,DCs,0.446939388575076,0
CYBB,HLA,0.47872312381075,0
CYBB,iDCs,0.333253788166162,2.51533777517851e-15
CYBB,Inflammation.promoting,0.373025068988956,0
CYBB,Macrophages,0.5236056031064,0
CYBB,Mast_cells,0.146001552586789,0.000681929230159365
CYBB,MHC_class_I,0.415460890972177,6.60638612878407e-24
CYBB,Neutrophils,0.646365406588455,0
CYBB,NK_cells,0.130351615694154,0.00244464082929082
CYBB,Parainflammation,0.537260397005485,0
CYBB,pDCs,0.549379156867208,0
CYBB,T_cell_co.inhibition,0.586990840044478,0
CYBB,T_cell_co.stimulation,0.441552617442155,0
CYBB,T_helper_cells,0.751956531210283,2.99686619398384e-99
CYBB,Tfh,0.359363837908713,2.80874525662079e-18
CYBB,Th1_cells,0.480745165025569,0
CYBB,Th2_cells,0.323054304520051,1.98496812216739e-14
CYBB,TIL,0.605950254383605,0
CYBB,Treg,0.687167632627006,0
CYBB,Type_I_IFN_Reponse,0.27033647299181,2.08795631550587e-10
CYBB,Type_II_IFN_Reponse,0.199458893617152,3.20495384993774e-06
NFIX,aDCs,-0.0789407618403901,0.0670638431254269
NFIX,APC_co_inhibition,0.0692426119935414,0.108311121959366
NFIX,APC_co_stimulation,0.0500165910681046,0.246274197978174
NFIX,B_cells,0.0708496849229722,0.100347474821657
NFIX,CCR,0.0913081961409099,0.0340909229853447
NFIX,CD8._T_cells,0.0384098634188893,0.373468067359842
NFIX,Check.point,0.0514464882494622,0.233015761141713
NFIX,Cytolytic_activity,0.0105982057123852,0.806017135764466
NFIX,DCs,0.0584709855554253,0.175205274695616
NFIX,HLA,0.0486279991325132,0.259646128992907
NFIX,iDCs,0.0259357860526209,0.547830405273389
NFIX,Inflammation.promoting,0.0332467379201314,0.441005814521538
NFIX,Macrophages,0.00421604712629673,0.922181398231258
NFIX,Mast_cells,0.148261079806486,0.000561093508232818
NFIX,MHC_class_I,0.0641124863710408,0.137138067826557
NFIX,Neutrophils,0.157708716019922,0.000240994193704497
NFIX,NK_cells,-0.0847238794132049,0.0493267585441165
NFIX,Parainflammation,0.116323848453429,0.00688772484395917
NFIX,pDCs,0.0270134774648848,0.531318399140654
NFIX,T_cell_co.inhibition,0.0191122973916389,0.657862333408514
NFIX,T_cell_co.stimulation,0.0342207447358802,0.427732110922869
NFIX,T_helper_cells,0.14705642198095,0.000615189471860208
NFIX,Tfh,-0.00690832151267627,0.872827447104864
NFIX,Th1_cells,0.0140565812897199,0.744646969463048
NFIX,Th2_cells,-0.0567354755352631,0.188382823138255
NFIX,TIL,0.0658227062369388,0.126914261060382
NFIX,Treg,0.187350096059602,1.23984263630388e-05
NFIX,Type_I_IFN_Reponse,0.0393039721239403,0.362322280606406
NFIX,Type_II_IFN_Reponse,0.266900474282312,3.5746518278251e-10
TXNRD1,aDCs,0.167290230274829,9.7360636025792e-05
TXNRD1,APC_co_inhibition,0.25575549133701,1.94330728487874e-09
TXNRD1,APC_co_stimulation,0.218389340641067,3.26887309563932e-07
TXNRD1,B_cells,0.197820784278564,3.86736490855344e-06
TXNRD1,CCR,0.257358962510317,1.53043193156003e-09
TXNRD1,CD8._T_cells,0.00442088835839192,0.91843980670222
TXNRD1,Check.point,0.090143602783008,0.0364489587823435
TXNRD1,Cytolytic_activity,-0.109321421482866,0.0111237829384825
TXNRD1,DCs,0.246574614976102,7.40027842418965e-09
TXNRD1,HLA,-0.027022290272423,0.531184417786739
TXNRD1,iDCs,0.19895985881116,3.39428788449907e-06
TXNRD1,Inflammation.promoting,-0.0100779435351926,0.815363811346396
TXNRD1,Macrophages,0.449474948253493,0
TXNRD1,Mast_cells,-0.00929988757922905,0.829390499284907
TXNRD1,MHC_class_I,0.015730133742595,0.715580712136281
TXNRD1,Neutrophils,0.266789662806657,3.63672674692202e-10
TXNRD1,NK_cells,0.0626968417196776,0.146005635467317
TXNRD1,Parainflammation,0.288432078925972,1.08518208009345e-11
TXNRD1,pDCs,0.110476972133903,0.0102953994778402
TXNRD1,T_cell_co.inhibition,0.136523799561505,0.00150044821462801
TXNRD1,T_cell_co.stimulation,0.03919201115165,0.363692016455554
TXNRD1,T_helper_cells,0.226489085117592,1.06498077808841e-07
TXNRD1,Tfh,0.0717007722318397,0.0963227254863518
TXNRD1,Th1_cells,0.126843351962842,0.00319789687140797
TXNRD1,Th2_cells,0.0791208496466064,0.0664414784845232
TXNRD1,TIL,0.127448140459293,0.00305459346381774
TXNRD1,Treg,0.336192437998067,1.35096892653816e-15
TXNRD1,Type_I_IFN_Reponse,-0.0229948372274448,0.594138371571324
TXNRD1,Type_II_IFN_Reponse,0.167806584163461,9.25878346403598e-05
TXN2,aDCs,-0.0751176892971901,0.0814448563931457
TXN2,APC_co_inhibition,-0.145471941170295,0.000713546496522197
TXN2,APC_co_stimulation,-0.119122719494467,0.00564718480709188
TXN2,B_cells,-0.141147534827832,0.00102734980927884
TXN2,CCR,-0.117093321501181,0.00652437464303328
TXN2,CD8._T_cells,-0.126614705448421,0.00323405126467027
TXN2,Check.point,-0.124390632675285,0.00384388095943346
TXN2,Cytolytic_activity,-0.0862123242898601,0.0454583394188363
TXN2,DCs,-0.00920616528688754,0.831083874716735
TXN2,HLA,-0.104445180122291,0.0153058820592929
TXN2,iDCs,0.0223776341673315,0.604078987956929
TXN2,Inflammation.promoting,-0.12789943283836,0.00295149545825022
TXN2,Macrophages,-0.122405222086582,0.00445104810625113
TXN2,Mast_cells,-0.0299530468940984,0.487596438805445
TXN2,MHC_class_I,-0.170921301837917,6.65355674875822e-05
TXN2,Neutrophils,-0.247480341691707,6.50059236483015e-09
TXN2,NK_cells,0.0402631887496465,0.35071967341442
TXN2,Parainflammation,-0.209762061859778,9.49195433552965e-07
TXN2,pDCs,-0.00387978104388088,0.928370770164692
TXN2,T_cell_co.inhibition,-0.13587678622198,0.00158070376162482
TXN2,T_cell_co.stimulation,-0.146010058861891,0.000681432185528138
TXN2,T_helper_cells,-0.259487829061524,9.62916844478578e-10
TXN2,Tfh,-0.116387837099467,0.00685683172179694
TXN2,Th1_cells,-0.133340000413819,0.00193488501837684
TXN2,Th2_cells,-0.0114578759294638,0.790633907147637
TXN2,TIL,-0.214591480390737,5.25425110792589e-07
TXN2,Treg,-0.296062284325694,2.92185818980724e-12
TXN2,Type_I_IFN_Reponse,-0.105922819730573,0.0139125043604916
TXN2,Type_II_IFN_Reponse,-0.203652793774939,1.96742368635211e-06
CAT,aDCs,-0.165580239079974,0.000114874442444279
CAT,APC_co_inhibition,-0.0759364374340476,0.0781713962167265
CAT,APC_co_stimulation,-0.162140408715024,0.000159455522511165
CAT,B_cells,-0.0781791053697586,0.0697492199181996
CAT,CCR,-0.257179104603427,1.57211112613014e-09
CAT,CD8._T_cells,-0.218438929980108,3.03013381491304e-07
CAT,Check.point,-0.227157700976076,1.05812763194677e-07
CAT,Cytolytic_activity,-0.231767718915887,5.74245426799223e-08
CAT,DCs,-0.149572272301959,0.000500425499343213
CAT,HLA,-0.0613710889334894,0.154736010751261
CAT,iDCs,0.00815629169320088,0.850104737028698
CAT,Inflammation.promoting,-0.232925951725739,4.91526357548715e-08
CAT,Macrophages,-0.239082655705067,2.1214812347449e-08
CAT,Mast_cells,0.0720468473522111,0.0947234687300396
CAT,MHC_class_I,0.00891645398903024,0.836375960511001
CAT,Neutrophils,0.0852405398342732,0.0479538605894005
CAT,NK_cells,-0.0489161396224593,0.256830932957271
CAT,Parainflammation,-0.291605762503266,6.31811968641907e-12
CAT,pDCs,-0.15890825407554,0.000215731128653294
CAT,T_cell_co.inhibition,-0.151789574678582,0.00041152116159316
CAT,T_cell_co.stimulation,-0.339203659384222,7.03335880558021e-16
CAT,T_helper_cells,-0.226146534818352,1.11433110705799e-07
CAT,Tfh,-0.27795503015896,6.17036307716961e-11
CAT,Th1_cells,-0.225306704860608,1.347662752066e-07
CAT,Th2_cells,-0.221230129992743,2.27948803049347e-07
CAT,TIL,-0.232737817443075,5.04130298622582e-08
CAT,Treg,-0.122035160803084,0.00457336977529634
CAT,Type_I_IFN_Reponse,-0.166966378756076,0.000100471362796643
CAT,Type_II_IFN_Reponse,0.0405163845418758,0.347696688871875
NQO1,aDCs,0.0033756118195842,0.937658588342137
NQO1,APC_co_inhibition,0.0973278034881858,0.0238720113166465
NQO1,APC_co_stimulation,0.12000093492393,0.0053016568025252
NQO1,B_cells,0.0653636739138598,0.129589673838839
NQO1,CCR,0.111753679730313,0.00944427776112946
NQO1,CD8._T_cells,-0.045082041412197,0.296141824877172
NQO1,Check.point,0.0116778895854838,0.786709696110199
NQO1,Cytolytic_activity,-0.0462293061868208,0.283909484596348
NQO1,DCs,0.190265372793254,9.01977726661013e-06
NQO1,HLA,-0.0538293181415858,0.212058760913604
NQO1,iDCs,0.151078879225454,0.000438272487545206
NQO1,Inflammation.promoting,-0.00990092105333741,0.818550136021241
NQO1,Macrophages,0.204730868352748,1.73266875797122e-06
NQO1,Mast_cells,0.0488847966808668,0.257136131419538
NQO1,MHC_class_I,-0.0457252527882047,0.289297340478035
NQO1,Neutrophils,-0.0385166435617843,0.372022887107406
NQO1,NK_cells,0.132065438544461,0.00213903907746958
NQO1,Parainflammation,0.138336555755568,0.00129512059797005
NQO1,pDCs,0.0380335484424704,0.378053843765367
NQO1,T_cell_co.inhibition,-0.00707545832346682,0.869777758257161
NQO1,T_cell_co.stimulation,-0.0212066802613802,0.623139987284513
NQO1,T_helper_cells,-0.0516267748195997,0.231461743259793
NQO1,Tfh,0.0324519759463997,0.452009143441325
NQO1,Th1_cells,0.0510028591812978,0.237074025803199
NQO1,Th2_cells,0.0544235312689906,0.207051200070501
NQO1,TIL,-0.0305832009496375,0.478482599166892
NQO1,Treg,0.0306261921238023,0.477864225704836
NQO1,Type_I_IFN_Reponse,0.101949546293678,0.0179387083738395
NQO1,Type_II_IFN_Reponse,0.0803149467514842,0.0624338883777985
NOX3,aDCs,0.0312897571114957,0.468497601534266
NOX3,APC_co_inhibition,-0.068253900537225,0.113472661583401
NOX3,APC_co_stimulation,-0.14123080893204,0.00100992023417605
NOX3,B_cells,-0.0735251249354024,0.0881324145356451
NOX3,CCR,-0.102311513231169,0.0175002418820907
NOX3,CD8._T_cells,0.0620434945093243,0.150301608451141
NOX3,Check.point,-0.034287692127232,0.426950146268684
NOX3,Cytolytic_activity,0.0852425475649324,0.047925346234633
NOX3,DCs,-0.169340136204578,7.78559729301173e-05
NOX3,HLA,-0.0329347204779408,0.445429612999825
NOX3,iDCs,-0.111202619185884,0.009773380879026
NOX3,Inflammation.promoting,0.0616196646599401,0.153112979038663
NOX3,Macrophages,-0.201480768892995,2.41434194430989e-06
NOX3,Mast_cells,-0.0695581371792834,0.106724342354484
NOX3,MHC_class_I,0.0513278988476621,0.234177913605857
NOX3,Neutrophils,-0.136787452167455,0.00145601190668621
NOX3,NK_cells,-0.0379052728894358,0.379783328129729
NOX3,Parainflammation,-0.0300756697746617,0.485937621426991
NOX3,pDCs,-0.133438227689713,0.00190501487148808
NOX3,T_cell_co.inhibition,-0.0147840677305708,0.732009022192563
NOX3,T_cell_co.stimulation,0.0301228360584857,0.485253615938104
NOX3,T_helper_cells,-0.03567165135521,0.408516670680769
NOX3,Tfh,0.0291351678003187,0.499684732219804
NOX3,Th1_cells,-0.0346267455466493,0.422390011510457
NOX3,Th2_cells,-0.0255241756764318,0.554319823907145
NOX3,TIL,0.00854128063455652,0.843169619099171
NOX3,Treg,-0.104225669534561,0.015489783134528
NOX3,Type_I_IFN_Reponse,0.0523814525056436,0.224702784583471
NOX3,Type_II_IFN_Reponse,-0.182838373647753,1.94559734709785e-05
JUNB,aDCs,0.105010809100028,0.0147586510487002
JUNB,APC_co_inhibition,0.0744727450516086,0.0841008467169772
JUNB,APC_co_stimulation,0.0375067724510104,0.384698172849873
JUNB,B_cells,0.10737172192297,0.0126559818052607
JUNB,CCR,0.221606015392526,2.1725410640761e-07
JUNB,CD8._T_cells,0.00561985191836385,0.896431370831483
JUNB,Check.point,0.0443553967717536,0.303898762530575
JUNB,Cytolytic_activity,0.0472620139640851,0.273281790552385
JUNB,DCs,0.138941880683782,0.00123254113621807
JUNB,HLA,0.00786470271334849,0.855403521032887
JUNB,iDCs,0.0266075518863623,0.537508172470059
JUNB,Inflammation.promoting,0.0598670109025924,0.165113446354209
JUNB,Macrophages,0.00791949538630367,0.854407319039646
JUNB,Mast_cells,0.238984795224838,2.15038619959102e-08
JUNB,MHC_class_I,0.0173972104283333,0.686953413712917
JUNB,Neutrophils,0.113296993913032,0.00849942282493772
JUNB,NK_cells,-0.0561933729219974,0.192644858805418
JUNB,Parainflammation,0.14816850701078,0.000565625260306884
JUNB,pDCs,0.0688355369183834,0.11040555635414
JUNB,T_cell_co.inhibition,-0.0389219560754346,0.367009160736207
JUNB,T_cell_co.stimulation,0.0694122010638208,0.10744788491119
JUNB,T_helper_cells,0.0216858095703197,0.615417058123708
JUNB,Tfh,0.00855240823376776,0.842917320976014
JUNB,Th1_cells,0.00136376280826626,0.974792762266942
JUNB,Th2_cells,-0.0611782800311743,0.156037985916464
JUNB,TIL,0.0509522046962302,0.237540558048799
JUNB,Treg,0.0474981205730011,0.270890623872049
JUNB,Type_I_IFN_Reponse,0.0709070831216344,0.10007190055057
JUNB,Type_II_IFN_Reponse,0.285942115947427,1.65099406335031e-11
NFE2L2,aDCs,0.0571921322319623,0.18484676512317
NFE2L2,APC_co_inhibition,0.0942825570016223,0.0286512609197896
NFE2L2,APC_co_stimulation,-0.0129452479425926,0.764212822735632
NFE2L2,B_cells,0.0869814141720674,0.0435615868219895
NFE2L2,CCR,0.0432505772388938,0.316111039034157
NFE2L2,CD8._T_cells,-0.116026306542581,0.00700578673935889
NFE2L2,Check.point,-0.089307458930401,0.0382262753226439
NFE2L2,Cytolytic_activity,-0.162375212561086,0.000155957810145407
NFE2L2,DCs,0.027440323882172,0.524848746676429
NFE2L2,HLA,-0.0897709359738037,0.0372322306901423
NFE2L2,iDCs,0.0964121911015166,0.025230604868707
NFE2L2,Inflammation.promoting,-0.0967493001481318,0.0247228248902317
NFE2L2,Macrophages,-0.0741409236895163,0.0854943550783362
NFE2L2,Mast_cells,0.0900877372465264,0.0365654766846742
NFE2L2,MHC_class_I,0.0887866620224447,0.0393421942008795
NFE2L2,Neutrophils,0.217171104106845,3.8098691265352e-07
NFE2L2,NK_cells,-0.100209591553192,0.020001012611941
NFE2L2,Parainflammation,-0.0037956378901679,0.929920215112771
NFE2L2,pDCs,-0.0781519006160536,0.0698467419504475
NFE2L2,T_cell_co.inhibition,-0.0475029484588698,0.270841879255029
NFE2L2,T_cell_co.stimulation,-0.166072147006826,0.000109554063775776
NFE2L2,T_helper_cells,-0.0592372539007187,0.169662971395227
NFE2L2,Tfh,-0.153852767872948,0.000342232076014539
NFE2L2,Th1_cells,-0.0655003873803661,0.128788326436258
NFE2L2,Th2_cells,-0.111370744084499,0.00969273844287998
NFE2L2,TIL,-0.0724176749667987,0.0930334659624855
NFE2L2,Treg,0.111723869450901,0.00946341412382165
NFE2L2,Type_I_IFN_Reponse,-0.0202446282106399,0.638991995794142
NFE2L2,Type_II_IFN_Reponse,0.182593632248438,2.06234137866721e-05
FOS,aDCs,0.085457028367278,0.0473881972424511
FOS,APC_co_inhibition,0.0868453904035423,0.0438921128757257
FOS,APC_co_stimulation,0.0742906647845575,0.0848632173555959
FOS,B_cells,0.121906493813026,0.00461660656190985
FOS,CCR,0.181840711952236,2.23274737416456e-05
FOS,CD8._T_cells,-0.0335640826979481,0.436777537037335
FOS,Check.point,0.0351033282525582,0.415907297730349
FOS,Cytolytic_activity,-0.0272754860646523,0.527342392358752
FOS,DCs,0.111876829136521,0.00936558795784677
FOS,HLA,0.0190850926379338,0.658318451240261
FOS,iDCs,0.0810415052581808,0.0600945826356809
FOS,Inflammation.promoting,0.00569889778599285,0.894948860127693
FOS,Macrophages,0.0299893709877778,0.48706856087392
FOS,Mast_cells,0.269741493533315,2.29291945288777e-10
FOS,MHC_class_I,-0.0470638416458003,0.275396322192935
FOS,Neutrophils,0.0951387787287947,0.0272308293774046
FOS,NK_cells,-0.0750188325865437,0.081847501140566
FOS,Parainflammation,0.113609503731649,0.00831870037442976
FOS,pDCs,0.0351297666751729,0.415556073981131
FOS,T_cell_co.inhibition,-0.0204260187797097,0.635990262087541
FOS,T_cell_co.stimulation,0.0257255048014474,0.55108152702216
FOS,T_helper_cells,0.0506521157634756,0.24040222241304
FOS,Tfh,-0.0405574598883149,0.347207840847905
FOS,Th1_cells,-0.0266646435525883,0.536635428154714
FOS,Th2_cells,-0.0810135341733855,0.0601832797457757
FOS,TIL,0.0401910003609419,0.351584590553709
FOS,Treg,0.0610790401549828,0.15671134505862
FOS,Type_I_IFN_Reponse,0.0164980355102501,0.702251900770125
FOS,Type_II_IFN_Reponse,0.293555308796944,4.51652112330087e-12
GSR,aDCs,-0.0789692693569486,0.0669650062963442
GSR,APC_co_inhibition,-0.0842191737571451,0.0506995128963027
GSR,APC_co_stimulation,-0.00560686142204995,0.896635851082842
GSR,B_cells,-0.0616429832043215,0.15291401316039
GSR,CCR,-0.0919664745474623,0.0328165490994428
GSR,CD8._T_cells,-0.0951358100865652,0.0272030169661049
GSR,Check.point,-0.0918509118190478,0.0330372780650113
GSR,Cytolytic_activity,-0.160029549726841,0.000194379420274403
GSR,DCs,-0.0221595363390371,0.607609387926894
GSR,HLA,-0.047630849117838,0.269552717878089
GSR,iDCs,0.0590845868594143,0.170714396298747
GSR,Inflammation.promoting,-0.136830255364509,0.00146375803154479
GSR,Macrophages,0.0792849977661449,0.0658783428247181
GSR,Mast_cells,-0.160432180081676,0.000187208434592136
GSR,MHC_class_I,-0.0305318573515264,0.479343849037916
GSR,Neutrophils,-0.0222534118975967,0.606088676354188
GSR,NK_cells,-0.019731722811914,0.647511648498182
GSR,Parainflammation,-0.111588995179011,0.00955042705452774
GSR,pDCs,-0.0207428966855414,0.630760732739524
GSR,T_cell_co.inhibition,-0.045882234836032,0.287543098154822
GSR,T_cell_co.stimulation,-0.0989272897398229,0.0216502579149811
GSR,T_helper_cells,-0.117201285889422,0.00644837032396965
GSR,Tfh,-0.0904446942683799,0.0358263990747871
GSR,Th1_cells,-0.0967520589400568,0.0247187060924427
GSR,Th2_cells,-0.0196263522870002,0.649267681319454
GSR,TIL,-0.120423873052657,0.00514215224668034
GSR,Treg,-0.0907638711674824,0.035176348512359
GSR,Type_I_IFN_Reponse,-0.115024380823637,0.00754269045460501
GSR,Type_II_IFN_Reponse,-0.144933287046935,0.000747093341306695
